Time (s);Fᵧ (N)
0.0000000000;-0.0181916246
0.0100000000;-0.0360212268
0.0200000000;-0.0360212268
0.0300000000;-0.0181916246
0.0400000000;-0.0181916246
0.0500000000;-0.0181916246
0.0600000000;-0.0181916246
0.0700000000;-0.0360212268
0.0800000000;-0.0360212268
0.0900000000;-0.0181916246
0.1000000000;-0.0181916246
0.1100000000;-0.0181916246
0.1200000000;-0.0181916246
0.1300000000;-0.0360212268
0.1400000000;-0.0181916246
0.1500000000;-0.0181916246
0.1600000000;-0.0181916246
0.1700000000;-0.0181916246
0.1800000000;-0.0181916246
0.1900000000;-0.0360212268
0.2000000000;-0.0360212268
0.2100000000;-0.0360212268
0.2200000000;-0.0181916246
0.2300000000;-0.0181916246
0.2400000000;-0.0181916246
0.2500000000;-0.0360212268
0.2600000000;-0.0181916246
0.2700000000;-0.0181916246
0.2800000000;-0.0360212268
0.2900000000;-0.0181916246
0.3000000000;-0.0181916246
0.3100000000;-0.0360212268
0.3200000000;-0.0181916246
0.3300000000;-0.0181916246
0.3400000000;-0.0181916246
0.3500000000;-0.0360212268
0.3600000000;-0.0181916246
0.3700000000;-0.0181916246
0.3800000000;-0.0181916246
0.3900000000;-0.0360212268
0.4000000000;-0.0181916246
0.4100000000;-0.0181916246
0.4200000000;-0.0360212268
0.4300000000;-0.0360212268
0.4400000000;-0.0181916246
0.4500000000;-0.0181916246
0.4600000000;-0.0360212268
0.4700000000;-0.0360212268
0.4800000000;-0.0360212268
0.4900000000;-0.0360212268
0.5000000000;-0.0360212268
0.5100000000;-0.0360212268
0.5200000000;-0.0360212268
0.5300000000;-0.0360212268
0.5303571429;-0.0360212268
0.5401785714;-0.0360212268
0.5600000000;-0.0360212268
0.5700000000;-0.0360212268
0.5800000000;-0.0360212268
0.5900000000;-0.0360212268
0.6000000000;-0.0181916246
0.6100000000;-0.0360212268
0.6200000000;-0.0360212268
0.6300000000;-0.0360212268
0.6400000000;-0.0360212268
0.6500000000;-0.0360212268
0.6600000000;-0.0360212268
0.6700000000;-0.0360212268
0.6800000000;-0.0360212268
0.6900000000;-0.0360212268
0.7000000000;-0.0360212268
0.7100000000;-0.0360212268
0.7200000000;-0.0360212268
0.7300000000;-0.0181916246
0.7400000000;-0.0360212268
0.7500000000;-0.0181916246
0.7600000000;-0.0360212268
0.7700000000;-0.0181916246
0.7800000000;-0.0181916246
0.7900000000;-0.0360212268
0.8000000000;-0.0181916246
0.8100000000;-0.0360212268
0.8200000000;-0.0360212268
0.8300000000;-0.0181916246
0.8400000000;-0.0181916246
0.8500000000;-0.0360212268
0.8600000000;-0.0360212268
0.8700000000;-0.0360212268
0.8800000000;-0.0181916246
0.8900000000;-0.0360212268
0.9000000000;-0.0360212268
0.9100000000;-0.0181916246
0.9200000000;-0.0360212268
0.9300000000;-0.0181916246
0.9400000000;-0.0360212268
0.9500000000;-0.0360212268
0.9600000000;-0.0181916246
0.9700000000;-0.0360212268
0.9800000000;-0.0360212268
0.9900000000;-0.0360212268
1.0000000000;-0.0360212268
1.0100000000;-0.0181916246
1.0200000000;-0.0360212268
1.0300000000;-0.0181916246
1.0400000000;-0.0360212268
1.0500000000;-0.0360212268
1.0600000000;-0.0360212268
1.0700000000;-0.0360212268
1.0800000000;-0.0360212268
1.0900000000;-0.0360212268
1.1000000000;-0.0360212268
1.1100000000;-0.0360212268
1.1200000000;-0.0360212268
1.1300000000;-0.0360212268
1.1400000000;-0.0360212268
1.1500000000;-0.0360212268
1.1600000000;-0.0538508290
1.1700000000;-0.0181916246
1.1800000000;-0.0181916246
1.1900000000;-0.0360212268
1.2000000000;-0.0181916246
1.2100000000;-0.0360212268
1.2200000000;-0.0360212268
1.2300000000;-0.0360212268
1.2400000000;-0.0360212268
1.2500000000;-0.0360212268
1.2600000000;-0.0360212268
1.2700000000;-0.0360212268
1.2800000000;-0.0360212268
1.2900000000;-0.0360212268
1.3000000000;-0.0360212268
1.3100000000;-0.0360212268
1.3200000000;-0.0360212268
1.3300000000;-0.0360212268
1.3400000000;-0.0360212268
1.3500000000;-0.0360212268
1.3600000000;-0.0360212268
1.3700000000;-0.0538508290
1.3800000000;-0.0538508290
1.3900000000;-0.0360212268
1.4000000000;-0.0360212268
1.4100000000;-0.0538508290
1.4200000000;-0.0360212268
1.4300000000;-0.0538508290
1.4400000000;-0.0360212268
1.4500000000;-0.0538508290
1.4600000000;-0.0538508290
1.4700000000;-0.0538508290
1.4800000000;-0.0538508290
1.4900000000;-0.0538508290
1.5000000000;-0.0538508290
1.5100000000;-0.0538508290
1.5200000000;-0.0538508290
1.5300000000;-0.0716804311
1.5400000000;-0.0538508290
1.5500000000;-0.0538508290
1.5600000000;-0.0716804311
1.5700000000;-0.0716804311
1.5800000000;-0.0716804311
1.5900000000;-0.0716804311
1.6000000000;-0.0716804311
1.6100000000;-0.0716804311
1.6200000000;-0.0716804311
1.6300000000;-0.0716804311
1.6400000000;-0.0716804311
1.6500000000;-0.0538508290
1.6600000000;-0.0716804311
1.6700000000;-0.0716804311
1.6800000000;-0.0716804311
1.6900000000;-0.0716804311
1.7000000000;-0.0716804311
1.7100000000;-0.0716804311
1.7200000000;-0.0716804311
1.7300000000;-0.0716804311
1.7400000000;-0.0716804311
1.7500000000;-0.0716804311
1.7600000000;-0.0716804311
1.7700000000;-0.0716804311
1.7800000000;-0.0716804311
1.7900000000;-0.0716804311
1.8000000000;-0.0716804311
1.8100000000;-0.0716804311
1.8200000000;-0.0716804311
1.8300000000;-0.0716804311
1.8400000000;-0.0716804311
1.8500000000;-0.0716804311
1.8600000000;-0.0716804311
1.8700000000;-0.0716804311
1.8800000000;-0.0716804311
1.8900000000;-0.0716804311
1.9000000000;-0.0716804311
1.9100000000;-0.0538508290
1.9200000000;-0.0716804311
1.9300000000;-0.0716804311
1.9400000000;-0.0716804311
1.9500000000;-0.0716804311
1.9600000000;-0.0716804311
1.9700000000;-0.0716804311
1.9800000000;-0.0716804311
1.9900000000;-0.0716804311
2.0000000000;-0.0716804311
2.0100000000;-0.0716804311
2.0200000000;-0.0716804311
2.0300000000;-0.0716804311
2.0400000000;-0.0716804311
2.0500000000;-0.0716804311
2.0600000000;-0.0895100333
2.0700000000;-0.0716804311
2.0800000000;-0.0181916246
2.0900000000;-0.0538508290
2.1000000000;-0.0538508290
2.1100000000;-0.0181916246
2.1200000000;-0.0538508290
2.1300000000;-0.0538508290
2.1400000000;-0.1251692377
2.1500000000;-0.3391244640
2.1600000000;0.0174675798
2.1700000000;0.8197996785
2.1800000000;0.5345260434
2.1900000000;0.1957636017
2.2000000000;0.0887859886
2.2100000000;0.0174675798
2.2200000000;0.3918892259
2.2300000000;0.7663108719
2.2400000000;0.8732884850
2.2500000000;0.8911180872
2.2600000000;-0.2499764531
2.2700000000;0.1957636017
2.2800000000;0.1957636017
2.2900000000;0.0174675798
2.3000000000;0.1957636017
2.3100000000;0.0887859886
2.3200000000;-0.1251692377
2.3300000000;-0.3926132706
2.3400000000;-0.5530796903
2.3500000000;-0.5530796903
2.3600000000;-0.6600573035
2.3700000000;-0.6065684969
2.3800000000;-0.7313757123
2.3900000000;-0.8205237232
2.4000000000;-0.8740125298
2.4100000000;-0.7135461101
2.4200000000;-1.1057973583
2.4300000000;-1.3732413912
2.4400000000;-1.2662637780
2.4500000000;-1.4802190043
2.4600000000;-1.5693670153
2.4700000000;-1.6406854241
2.4800000000;-1.5515374131
2.4900000000;-1.4802190043
2.5000000000;-1.5871966175
2.5100000000;-1.5693670153
2.5200000000;-1.5158782087
2.5300000000;-1.3910709934
2.5400000000;-1.2662637780
2.5500000000;-1.1771157671
2.5600000000;-1.1057973583
2.5700000000;-0.9275013364
2.5800000000;-0.9275013364
2.5900000000;-0.9275013364
2.6000000000;-0.8026941210
2.6100000000;-0.6957165079
2.6200000000;-0.5174204860
2.6300000000;-0.4995908838
2.6400000000;-0.5352500881
2.6500000000;-0.5530796903
2.6600000000;-0.5530796903
2.6700000000;-0.5709092925
2.6800000000;-0.5530796903
2.6900000000;-0.5352500881
2.7000000000;-0.5352500881
2.7100000000;-0.5352500881
2.7200000000;-0.4995908838
2.7300000000;-0.4995908838
2.7400000000;-0.5174204860
2.7500000000;-0.5352500881
2.7600000000;-0.5530796903
2.7700000000;-0.5352500881
2.7800000000;-0.5352500881
2.7900000000;-0.5352500881
2.8000000000;-0.5352500881
2.8100000000;-0.5352500881
2.8200000000;-0.5174204860
2.8300000000;-0.5174204860
2.8400000000;-0.5174204860
2.8500000000;-0.5174204860
2.8600000000;-0.5174204860
2.8700000000;-0.5174204860
2.8800000000;-0.5174204860
2.8900000000;-0.4995908838
2.9000000000;-0.4995908838
2.9100000000;-0.4817612816
2.9200000000;-0.4817612816
2.9300000000;-0.4817612816
2.9400000000;-0.4639316794
2.9500000000;-0.4639316794
2.9600000000;-0.4639316794
2.9700000000;-0.4639316794
2.9800000000;-0.4817612816
2.9900000000;-0.4995908838
3.0000000000;-0.4817612816
3.0100000000;-0.4461020772
3.0200000000;-0.4639316794
3.0300000000;-0.4639316794
3.0400000000;-0.4639316794
3.0500000000;-0.4639316794
3.0600000000;-0.4817612816
3.0700000000;-0.4817612816
3.0800000000;-0.4817612816
3.0900000000;-0.4995908838
3.1000000000;-0.4995908838
3.1100000000;-0.4995908838
3.1200000000;-0.4995908838
3.1300000000;-0.4995908838
3.1400000000;-0.4995908838
3.1500000000;-0.5174204860
3.1600000000;-0.5174204860
3.1700000000;-0.5352500881
3.1800000000;-0.5174204860
3.1900000000;-0.5174204860
3.2000000000;-0.5352500881
3.2100000000;-0.5174204860
3.2200000000;-0.5174204860
3.2300000000;-0.5174204860
3.2400000000;-0.5352500881
3.2500000000;-0.5174204860
3.2600000000;-0.5174204860
3.2700000000;-0.5352500881
3.2800000000;-0.5174204860
3.2900000000;-0.5174204860
3.3000000000;-0.5352500881
3.3100000000;-0.5174204860
3.3200000000;-0.5174204860
3.3300000000;-0.5174204860
3.3400000000;-0.5174204860
3.3500000000;-0.4995908838
3.3600000000;-0.4817612816
3.3700000000;-0.4817612816
3.3800000000;-0.4817612816
3.3900000000;-0.4995908838
3.4000000000;-0.4817612816
3.4100000000;-0.5174204860
3.4200000000;-0.5174204860
3.4300000000;-0.4995908838
3.4400000000;-0.4995908838
3.4500000000;-0.4995908838
3.4600000000;-0.4817612816
3.4700000000;-0.4817612816
3.4800000000;-0.4995908838
3.4900000000;-0.5174204860
3.5000000000;-0.4995908838
3.5100000000;-0.4817612816
3.5200000000;-0.4817612816
3.5300000000;-0.4817612816
3.5400000000;-0.4995908838
3.5500000000;-0.4995908838
3.5600000000;-0.5174204860
3.5700000000;-0.5174204860
3.5800000000;-0.4995908838
3.5900000000;-0.4995908838
3.6000000000;-0.5174204860
3.6100000000;-0.5174204860
3.6200000000;-0.5174204860
3.6300000000;-0.5174204860
3.6400000000;-0.5174204860
3.6500000000;-0.5174204860
3.6600000000;-0.5174204860
3.6700000000;-0.5352500881
3.6800000000;-0.5174204860
3.6900000000;-0.5174204860
3.7000000000;-0.5174204860
3.7100000000;-0.4995908838
3.7200000000;-0.4995908838
3.7300000000;-0.5174204860
3.7400000000;-0.5174204860
3.7500000000;-0.5352500881
3.7600000000;-0.5174204860
3.7700000000;-0.5174204860
3.7800000000;-0.5174204860
3.7900000000;-0.4995908838
3.8000000000;-0.4995908838
3.8100000000;-0.4995908838
3.8200000000;-0.4995908838
3.8300000000;-0.4817612816
3.8400000000;-0.4995908838
3.8500000000;-0.4995908838
3.8600000000;-0.4995908838
3.8700000000;-0.5174204860
3.8800000000;-0.4995908838
3.8900000000;-0.4995908838
3.9000000000;-0.4995908838
3.9100000000;-0.4995908838
3.9200000000;-0.4817612816
3.9300000000;-0.4995908838
3.9400000000;-0.4995908838
3.9500000000;-0.4995908838
3.9600000000;-0.4995908838
3.9700000000;-0.5174204860
3.9800000000;-0.4995908838
3.9900000000;-0.4995908838
4.0000000000;-0.4995908838
4.0100000000;-0.4995908838
4.0200000000;-0.4995908838
4.0300000000;-0.5174204860
4.0400000000;-0.5174204860
4.0500000000;-0.4995908838
4.0600000000;-0.5174204860
4.0700000000;-0.4995908838
4.0800000000;-0.5174204860
4.0900000000;-0.5174204860
4.1000000000;-0.5174204860
4.1100000000;-0.5174204860
4.1200000000;-0.5174204860
4.1300000000;-0.4995908838
4.1400000000;-0.4995908838
4.1500000000;-0.4995908838
4.1600000000;-0.5174204860
4.1700000000;-0.5174204860
4.1800000000;-0.5174204860
4.1900000000;-0.5174204860
4.2000000000;-0.4995908838
4.2100000000;-0.4995908838
4.2200000000;-0.4995908838
4.2300000000;-0.4995908838
4.2400000000;-0.4995908838
4.2500000000;-0.4995908838
4.2600000000;-0.4995908838
4.2700000000;-0.4817612816
4.2800000000;-0.4995908838
4.2900000000;-0.4995908838
4.3000000000;-0.4995908838
4.3100000000;-0.4995908838
4.3200000000;-0.4995908838
4.3300000000;-0.5174204860
4.3400000000;-0.4995908838
4.3500000000;-0.4995908838
4.3600000000;-0.4995908838
4.3700000000;-0.5174204860
4.3800000000;-0.5174204860
4.3900000000;-0.4995908838
4.4000000000;-0.4995908838
4.4100000000;-0.5174204860
4.4200000000;-0.5174204860
4.4300000000;-0.4995908838
4.4400000000;-0.4995908838
4.4500000000;-0.4995908838
4.4600000000;-0.4995908838
4.4700000000;-0.4995908838
4.4800000000;-0.4995908838
4.4900000000;-0.4995908838
4.5000000000;-0.4995908838
4.5100000000;-0.4995908838
4.5200000000;-0.5174204860
4.5300000000;-0.5174204860
4.5400000000;-0.4995908838
4.5500000000;-0.5174204860
4.5600000000;-0.4995908838
4.5700000000;-0.5174204860
4.5800000000;-0.5174204860
4.5900000000;-0.5174204860
4.6000000000;-0.5174204860
4.6100000000;-0.4995908838
4.6200000000;-0.4995908838
4.6300000000;-0.4995908838
4.6400000000;-0.5174204860
4.6500000000;-0.4995908838
4.6600000000;-0.5174204860
4.6700000000;-0.4995908838
4.6800000000;-0.4995908838
4.6900000000;-0.4995908838
4.7000000000;-0.4995908838
4.7100000000;-0.4817612816
4.7200000000;-0.4995908838
4.7300000000;-0.4995908838
4.7400000000;-0.5174204860
4.7500000000;-0.4995908838
4.7600000000;-0.4995908838
4.7700000000;-0.4995908838
4.7800000000;-0.4995908838
4.7900000000;-0.4995908838
4.8000000000;-0.4995908838
4.8100000000;-0.5174204860
4.8200000000;-0.5174204860
4.8300000000;-0.5174204860
4.8400000000;-0.5174204860
4.8500000000;-0.5174204860
4.8600000000;-0.5174204860
4.8700000000;-0.4995908838
4.8800000000;-0.5174204860
4.8900000000;-0.5174204860
4.9000000000;-0.4995908838
4.9100000000;-0.5174204860
4.9200000000;-0.5174204860
4.9300000000;-0.5174204860
4.9400000000;-0.5174204860
4.9500000000;-0.4995908838
4.9600000000;-0.5174204860
4.9700000000;-0.5174204860
4.9800000000;-0.5174204860
4.9900000000;-0.4995908838
5.0000000000;-0.5174204860
5.0100000000;-0.4995908838
5.0200000000;-0.4995908838
5.0300000000;-0.4995908838
5.0400000000;-0.5174204860
5.0500000000;-0.4995908838
5.0600000000;-0.4995908838
5.0700000000;-0.4817612816
5.0800000000;-0.4817612816
5.0900000000;-0.4995908838
5.1000000000;-0.4995908838
5.1100000000;-0.4995908838
5.1200000000;-0.4995908838
5.1300000000;-0.4995908838
5.1400000000;-0.4995908838
5.1500000000;-0.4995908838
5.1600000000;-0.4817612816
5.1700000000;-0.4817612816
5.1800000000;-0.4995908838
5.1900000000;-0.4817612816
5.2000000000;-0.4995908838
5.2100000000;-0.4995908838
5.2200000000;-0.4995908838
5.2300000000;-0.4995908838
5.2400000000;-0.5174204860
5.2500000000;-0.4995908838
5.2600000000;-0.5174204860
5.2700000000;-0.4995908838
5.2800000000;-0.4995908838
5.2900000000;-0.5174204860
5.3000000000;-0.5174204860
5.3100000000;-0.5174204860
5.3200000000;-0.4995908838
5.3300000000;-0.4995908838
5.3400000000;-0.5174204860
5.3500000000;-0.5174204860
5.3600000000;-0.5174204860
5.3700000000;-0.5174204860
5.3800000000;-0.4995908838
5.3900000000;-0.4995908838
5.4000000000;-0.5174204860
5.4100000000;-0.5174204860
5.4200000000;-0.5174204860
5.4300000000;-0.4995908838
5.4400000000;-0.4995908838
5.4500000000;-0.4995908838
5.4600000000;-0.4995908838
5.4700000000;-0.4995908838
5.4800000000;-0.4995908838
5.4900000000;-0.4995908838
5.5000000000;-0.5174204860
5.5100000000;-0.4995908838
5.5200000000;-0.4995908838
5.5300000000;-0.4995908838
5.5400000000;-0.4995908838
5.5500000000;-0.4995908838
5.5600000000;-0.4995908838
5.5700000000;-0.4995908838
5.5800000000;-0.4995908838
5.5900000000;-0.4995908838
5.6000000000;-0.4995908838
5.6100000000;-0.4995908838
5.6200000000;-0.5174204860
5.6300000000;-0.5174204860
5.6400000000;-0.5174204860
5.6500000000;-0.5174204860
5.6600000000;-0.5174204860
5.6700000000;-0.5174204860
5.6800000000;-0.5174204860
5.6900000000;-0.5174204860
5.7000000000;-0.5174204860
5.7100000000;-0.5174204860
5.7200000000;-0.5174204860
5.7300000000;-0.5174204860
5.7400000000;-0.5174204860
5.7500000000;-0.5174204860
5.7600000000;-0.4995908838
5.7700000000;-0.4995908838
5.7800000000;-0.4995908838
5.7900000000;-0.4995908838
5.8000000000;-0.4995908838
5.8100000000;-0.4995908838
5.8200000000;-0.4995908838
5.8300000000;-0.4817612816
5.8400000000;-0.4995908838
5.8500000000;-0.4995908838
5.8600000000;-0.4995908838
5.8700000000;-0.4995908838
5.8800000000;-0.4995908838
5.8900000000;-0.4995908838
5.9000000000;-0.4995908838
5.9100000000;-0.4817612816
5.9200000000;-0.4817612816
5.9300000000;-0.4995908838
5.9400000000;-0.4995908838
5.9500000000;-0.4995908838
5.9600000000;-0.4817612816
5.9700000000;-0.4817612816
5.9800000000;-0.4995908838
5.9900000000;-0.4817612816
6.0000000000;-0.4995908838
6.0100000000;-0.4995908838
6.0200000000;-0.4995908838
6.0300000000;-0.4995908838
6.0400000000;-0.4995908838
6.0500000000;-0.4995908838
6.0600000000;-0.4995908838
6.0700000000;-0.4995908838
6.0800000000;-0.4995908838
6.0900000000;-0.4995908838
6.1000000000;-0.4995908838
6.1100000000;-0.5174204860
6.1200000000;-0.4995908838
6.1300000000;-0.5174204860
6.1400000000;-0.5174204860
6.1500000000;-0.5174204860
6.1600000000;-0.4995908838
6.1700000000;-0.5174204860
6.1800000000;-0.5174204860
6.1900000000;-0.5174204860
6.2000000000;-0.5174204860
6.2100000000;-0.4995908838
6.2200000000;-0.5174204860
6.2300000000;-0.4995908838
6.2400000000;-0.4995908838
6.2500000000;-0.4995908838
6.2600000000;-0.4995908838
6.2700000000;-0.5174204860
6.2800000000;-0.5174204860
6.2900000000;-0.4995908838
6.3000000000;-0.4995908838
6.3100000000;-0.5174204860
6.3200000000;-0.5174204860
6.3300000000;-0.4995908838
6.3400000000;-0.4995908838
6.3500000000;-0.5174204860
6.3600000000;-0.4995908838
6.3700000000;-0.5174204860
6.3800000000;-0.4995908838
6.3900000000;-0.5174204860
6.4000000000;-0.4995908838
6.4100000000;-0.4995908838
6.4200000000;-0.4995908838
6.4300000000;-0.5174204860
6.4400000000;-0.5174204860
6.4500000000;-0.5174204860
6.4600000000;-0.5174204860
6.4700000000;-0.4995908838
6.4800000000;-0.5174204860
6.4900000000;-0.4995908838
6.5000000000;-0.5174204860
6.5100000000;-0.4995908838
6.5200000000;-0.4995908838
6.5300000000;-0.4995908838
6.5400000000;-0.4995908838
6.5500000000;-0.4995908838
6.5600000000;-0.4995908838
6.5700000000;-0.4995908838
6.5800000000;-0.4995908838
6.5900000000;-0.4995908838
6.6000000000;-0.4995908838
6.6100000000;-0.4995908838
6.6200000000;-0.4995908838
6.6300000000;-0.4995908838
6.6400000000;-0.4995908838
6.6500000000;-0.4995908838
6.6600000000;-0.4995908838
6.6700000000;-0.4995908838
6.6800000000;-0.4995908838
6.6900000000;-0.4995908838
6.7000000000;-0.4995908838
6.7100000000;-0.4995908838
6.7200000000;-0.4995908838
6.7300000000;-0.5174204860
6.7400000000;-0.4995908838
6.7500000000;-0.4995908838
6.7600000000;-0.4995908838
6.7700000000;-0.4995908838
6.7800000000;-0.4817612816
6.7900000000;-0.4995908838
6.8000000000;-0.4817612816
6.8100000000;-0.4817612816
6.8200000000;-0.4817612816
6.8300000000;-0.4995908838
6.8400000000;-0.4995908838
6.8500000000;-0.4995908838
6.8600000000;-0.4995908838
6.8700000000;-0.4817612816
6.8800000000;-0.4995908838
6.8900000000;-0.4995908838
6.9000000000;-0.4995908838
6.9100000000;-0.4995908838
6.9200000000;-0.4995908838
6.9300000000;-0.4995908838
6.9400000000;-0.4995908838
6.9500000000;-0.4995908838
6.9600000000;-0.4995908838
6.9700000000;-0.5174204860
6.9800000000;-0.5174204860
6.9900000000;-0.4995908838
7.0000000000;-0.4995908838
7.0100000000;-0.5174204860
7.0200000000;-0.5174204860
7.0300000000;-0.4995908838
7.0400000000;-0.5174204860
7.0500000000;-0.5174204860
7.0600000000;-0.4995908838
7.0700000000;-0.4995908838
7.0800000000;-0.4995908838
7.0900000000;-0.4995908838
7.1000000000;-0.4995908838
7.1100000000;-0.4995908838
7.1200000000;-0.5174204860
7.1300000000;-0.4995908838
7.1400000000;-0.4995908838
7.1500000000;-0.5174204860
7.1600000000;-0.4995908838
7.1700000000;-0.4995908838
7.1800000000;-0.4995908838
7.1900000000;-0.4995908838
7.2000000000;-0.5174204860
7.2100000000;-0.5174204860
7.2200000000;-0.5174204860
7.2300000000;-0.5174204860
7.2400000000;-0.4995908838
7.2500000000;-0.5174204860
7.2600000000;-0.5174204860
7.2700000000;-0.5174204860
7.2800000000;-0.5174204860
7.2900000000;-0.4995908838
7.3000000000;-0.4995908838
7.3100000000;-0.4995908838
7.3200000000;-0.4995908838
7.3300000000;-0.4995908838
7.3400000000;-0.4995908838
7.3500000000;-0.4995908838
7.3600000000;-0.4995908838
7.3700000000;-0.4995908838
7.3800000000;-0.5174204860
7.3900000000;-0.5174204860
7.4000000000;-0.5174204860
7.4100000000;-0.5174204860
7.4200000000;-0.4995908838
7.4300000000;-0.4995908838
7.4400000000;-0.4995908838
7.4500000000;-0.4995908838
7.4600000000;-0.5174204860
7.4700000000;-0.5174204860
7.4800000000;-0.4995908838
7.4900000000;-0.4995908838
7.5000000000;-0.4995908838
7.5100000000;-0.4995908838
7.5200000000;-0.5174204860
7.5300000000;-0.4995908838
7.5400000000;-0.4995908838
7.5500000000;-0.4995908838
7.5600000000;-0.4995908838
7.5700000000;-0.4995908838
7.5800000000;-0.4995908838
7.5900000000;-0.4995908838
7.6000000000;-0.4995908838
7.6100000000;-0.4995908838
7.6200000000;-0.4995908838
7.6300000000;-0.4995908838
7.6400000000;-0.4995908838
7.6500000000;-0.5174204860
7.6600000000;-0.5174204860
7.6700000000;-0.5174204860
7.6800000000;-0.5174204860
7.6900000000;-0.5174204860
7.7000000000;-0.5174204860
7.7100000000;-0.4995908838
7.7200000000;-0.5174204860
7.7300000000;-0.5174204860
7.7400000000;-0.5174204860
7.7500000000;-0.5174204860
7.7600000000;-0.5174204860
7.7700000000;-0.5174204860
7.7800000000;-0.5174204860
7.7900000000;-0.5174204860
7.8000000000;-0.5174204860
7.8100000000;-0.4995908838
7.8200000000;-0.5174204860
7.8300000000;-0.5174204860
7.8400000000;-0.4995908838
7.8500000000;-0.5174204860
7.8600000000;-0.4995908838
7.8700000000;-0.5174204860
7.8800000000;-0.4995908838
7.8900000000;-0.5174204860
7.9000000000;-0.5174204860
7.9100000000;-0.4995908838
7.9200000000;-0.4995908838
7.9300000000;-0.5174204860
7.9400000000;-0.4995908838
7.9500000000;-0.4995908838
7.9600000000;-0.4995908838
7.9700000000;-0.5174204860
7.9800000000;-0.5174204860
7.9900000000;-0.4995908838
8.0000000000;-0.4995908838
8.0100000000;-0.4995908838
8.0200000000;-0.4995908838
8.0300000000;-0.4995908838
8.0400000000;-0.4995908838
8.0500000000;-0.5174204860
8.0600000000;-0.4995908838
8.0700000000;-0.5174204860
8.0800000000;-0.4995908838
8.0900000000;-0.4995908838
8.1000000000;-0.4995908838
8.1100000000;-0.4995908838
8.1200000000;-0.5174204860
8.1300000000;-0.5174204860
8.1400000000;-0.4995908838
8.1500000000;-0.5174204860
8.1600000000;-0.4995908838
8.1700000000;-0.5174204860
8.1800000000;-0.5174204860
8.1900000000;-0.5174204860
8.2000000000;-0.5174204860
8.2100000000;-0.5174204860
8.2200000000;-0.5174204860
8.2300000000;-0.4995908838
8.2400000000;-0.4995908838
8.2500000000;-0.4995908838
8.2600000000;-0.4995908838
8.2700000000;-0.4995908838
8.2800000000;-0.4995908838
8.2900000000;-0.4995908838
8.3000000000;-0.4995908838
8.3100000000;-0.4995908838
8.3200000000;-0.4995908838
8.3300000000;-0.4995908838
8.3400000000;-0.4995908838
8.3500000000;-0.4995908838
8.3600000000;-0.4995908838
8.3700000000;-0.4995908838
8.3800000000;-0.4995908838
8.3900000000;-0.5174204860
8.4000000000;-0.4995908838
8.4100000000;-0.4995908838
8.4200000000;-0.4995908838
8.4300000000;-0.5174204860
8.4400000000;-0.5352500881
8.4500000000;-0.5174204860
8.4600000000;-0.5174204860
8.4700000000;-0.5174204860
8.4800000000;-0.5174204860
8.4900000000;-0.5174204860
8.5000000000;-0.5174204860
8.5100000000;-0.5174204860
8.5200000000;-0.5352500881
8.5300000000;-0.5352500881
8.5400000000;-0.4461020772
8.5500000000;-0.5174204860
8.5600000000;-0.6957165079
8.5700000000;-0.4461020772
8.5800000000;-0.6778869057
8.5900000000;-0.8561829276
8.6000000000;-0.8205237232
8.6100000000;-0.7313757123
8.6200000000;-0.7492053145
8.6300000000;-0.6957165079
8.6400000000;-0.5887388947
8.6500000000;-0.5709092925
8.6600000000;-0.5174204860
8.6700000000;-0.4995908838
8.6800000000;-0.4995908838
8.6900000000;-0.5530796903
8.7000000000;-0.6600573035
8.7100000000;-0.7848645188
8.7200000000;-0.9275013364
8.7300000000;-1.0523085517
8.7400000000;-1.1414565627
8.7500000000;-1.1771157671
8.7600000000;-1.1592861649
8.7700000000;-0.5887388947
8.7800000000;-0.0003620224
8.7900000000;0.1244451930
8.8000000000;0.2670820105
8.8100000000;0.2849116127
8.8200000000;0.2670820105
8.8300000000;0.0174675798
8.8400000000;-0.2856356575
8.8500000000;-0.2321468509
8.8600000000;-0.2678060553
8.8700000000;-0.1073396355
8.8800000000;0.1422747952
8.8900000000;0.5701852478
8.9000000000;0.7306516675
8.9100000000;0.6593332587
8.9200000000;0.5701852478
8.9300000000;0.5166964412
8.9400000000;0.6415036565
8.9500000000;0.9624364960
8.9600000000;1.4438357552
8.9700000000;1.7647685947
8.9800000000;1.9787238210
8.9900000000;1.9430646166
9.0000000000;1.9074054122
9.0100000000;1.8539166056
9.0200000000;1.8539166056
9.0300000000;1.8360870034
9.0400000000;1.5508133683
9.0500000000;1.1407325179
9.0600000000;0.7306516675
9.0700000000;0.4810372368
9.0800000000;0.3918892259
9.0900000000;0.2670820105
9.1000000000;0.2849116127
9.1100000000;0.1779339995
9.1200000000;0.0887859886
9.1300000000;0.0709563864
9.1400000000;0.0887859886
9.1500000000;0.1244451930
9.1600000000;0.1779339995
9.1700000000;0.1422747952
9.1800000000;0.2849116127
9.1900000000;0.4988668390
9.2000000000;0.5166964412
9.2100000000;0.4097188280
9.2200000000;0.2492524083
9.2300000000;0.0531267842
9.2400000000;-0.1429988399
9.2500000000;-0.2321468509
9.2600000000;-0.0003620224
9.2700000000;0.4810372368
9.2800000000;1.0159253026
9.2900000000;1.5329837662
9.3000000000;1.6043021749
9.3100000000;1.1942213245
9.3200000000;0.5880148500
9.3300000000;0.1244451930
9.3400000000;0.0887859886
9.3500000000;0.5880148500
9.3600000000;1.1763917223
9.3700000000;1.6221317771
9.3800000000;1.9074054122
9.3900000000;2.1035310363
9.4000000000;2.4066342736
9.4100000000;2.7988855218
9.4200000000;3.1554775657
9.4300000000;3.2446255766
9.4400000000;2.7810559196
9.4500000000;2.3888046714
9.4600000000;2.5671006933
9.4700000000;3.0128407481
9.4800000000;3.0484999525
9.4900000000;2.4779526823
9.5000000000;1.8360870034
9.5100000000;1.9787238210
9.5200000000;2.4244638758
9.5300000000;2.7810559196
9.5400000000;2.9415223393
9.5500000000;2.7275671130
9.5600000000;2.0500422297
9.5700000000;1.2477101311
9.5800000000;1.1407325179
9.5900000000;1.5329837662
9.6000000000;1.9430646166
9.6100000000;2.2461678538
9.6200000000;2.2996566604
9.6300000000;2.3174862626
9.6400000000;2.2105086495
9.6500000000;1.9430646166
9.6600000000;1.2120509267
9.6700000000;0.6949924631
9.6800000000;0.7841404741
9.6900000000;1.1942213245
9.7000000000;1.4260061530
9.7100000000;1.1942213245
9.7200000000;0.7128220653
9.7300000000;0.4632076346
9.7400000000;0.4810372368
9.7500000000;0.4810372368
9.7600000000;0.3027412149
9.7700000000;0.6949924631
9.7800000000;1.2120509267
9.7900000000;1.9965534232
9.8000000000;2.4957822845
9.8100000000;3.0841591569
9.8200000000;3.4585808029
9.8300000000;3.0128407481
9.8400000000;1.0694141092
9.8500000000;1.1050733135
9.8600000000;2.7810559196
9.8700000000;4.2074240950
9.8800000000;5.3663482375
9.8800201816;6.4361243690
9.8900100908;6.6679091975
9.9100000000;5.4554962485
9.9200000000;4.1182760840
9.9300000000;3.1733071678
9.9400000000;0.9446068938
9.9500000000;-0.9096717342
9.9600000000;-1.6585150263
9.9700000000;-1.7120038328
9.9800000000;-1.8011518438
9.9900000000;-1.6941742306
10.0000000000;-1.3910709934
10.0100000000;-1.2127749715
10.0200000000;-1.1949453693
10.0300000000;-1.2127749715
10.0400000000;-1.0344789495
10.0500000000;-0.6422277013
10.0600000000;-0.3034652596
10.0700000000;-0.3391244640
10.0800000000;-0.5352500881
10.0900000000;-0.5530796903
10.1000000000;-0.4104428728
10.1100000000;-0.6600573035
10.1200000000;-0.9453309386
10.1300000000;-1.3732413912
10.1400000000;-1.7654926394
10.1500000000;-2.0864254789
10.1500196464;-1.9259590591
10.1600098232;-1.4089005956
10.1800000000;-0.5530796903
10.1800195886;0.3562300215
10.1900097943;0.3027412149
10.2100000000;0.4275484302
10.2200000000;0.7128220653
10.2300000000;0.8732884850
10.2400000000;1.2833693355
10.2500000000;1.7112797881
10.2600000000;1.7469389925
10.2700000000;1.7825981968
10.2800000000;2.0143830253
10.2900000000;2.3709750692
10.3000000000;2.7453967152
10.3100000000;2.8702039306
10.3200000000;3.0841591569
10.3300000000;3.8151728468
10.3400000000;4.7244825586
10.3500000000;5.3485186353
10.3600000000;5.4198370441
10.3700000000;4.5461865367
10.3800000000;3.6903656314
10.3900000000;3.3694327920
10.4000000000;3.2981143832
10.4100000000;0.2670820105
10.4200000000;-1.9437886613
10.4300000000;-2.7282911578
10.4400000000;-2.1399142855
10.4500000000;-1.0879677561
10.4600000000;-1.0701381539
10.4700000000;-0.7135461101
10.4800000000;-0.1073396355
10.4900000000;0.2135932039
10.5000000000;0.4275484302
10.5100000000;0.7841404741
10.5200000000;1.0515845070
10.5300000000;0.6949924631
10.5400000000;0.3740596237
10.5500000000;0.4810372368
10.5600000000;0.7663108719
10.5700000000;0.6771628609
10.5800000000;0.4810372368
10.5900000000;0.2492524083
10.6000000000;-0.2499764531
10.6100000000;-0.7848645188
10.6200000000;-1.3197525846
10.6300000000;-0.8205237232
10.6400000000;-0.4461020772
10.6500000000;-0.9809901430
10.6600000000;-1.2306045736
10.6700000000;-2.1577438876
10.6800000000;-3.1562016104
10.6900000000;-3.0670535995
10.7000000000;1.0872437113
10.7100000000;-1.2484341758
10.7200000000;0.6236740544
10.7300000000;-0.4282724750
10.7400000000;-0.1608284421
10.7500000000;0.0174675798
10.7600000000;-0.1073396355
10.7700000000;-0.0895100333
10.7800000000;-0.0538508290
10.7900000000;-0.0538508290
10.8000000000;-0.0538508290
10.8100000000;-0.0360212268
10.8200000000;-0.0360212268
10.8300000000;-0.0181916246
10.8400000000;-0.0181916246
10.8500000000;-0.0003620224
10.8600000000;-0.0003620224
10.8700000000;-0.0003620224
10.8800000000;-0.0181916246
10.8900000000;-0.0181916246
10.9000000000;-0.0181916246
10.9100000000;-0.0360212268
10.9200000000;-0.0360212268
10.9300000000;-0.0360212268
10.9400000000;-0.0360212268
10.9500000000;-0.0538508290
10.9600000000;-0.0360212268
10.9700000000;-0.0360212268
10.9800000000;-0.0181916246
10.9900000000;-0.0003620224
11.0000000000;-0.0003620224
11.0100000000;-0.0003620224
11.0200000000;0.0174675798
11.0300000000;-0.0003620224
11.0400000000;-0.0181916246
11.0500000000;-0.0003620224
11.0600000000;-0.0003620224
11.0700000000;-0.0003620224
11.0800000000;-0.0181916246
11.0900000000;-0.0003620224
11.1000000000;-0.0003620224
11.1100000000;-0.0181916246
11.1200000000;-0.0003620224
11.1300000000;-0.0003620224
11.1400000000;-0.0181916246
11.1500000000;-0.0181916246
11.1600000000;-0.0181916246
11.1700000000;-0.0181916246
11.1800000000;-0.0181916246
11.1900000000;-0.0181916246
11.2000000000;-0.0181916246
11.2100000000;-0.0181916246
11.2200000000;-0.0360212268
11.2300000000;-0.0360212268
11.2400000000;-0.0181916246
11.2500000000;-0.0181916246
11.2600000000;-0.0360212268
11.2700000000;-0.0360212268
11.2800000000;-0.0538508290
11.2900000000;-0.0538508290
11.3000000000;-0.0360212268
11.3100000000;-0.0181916246
11.3200000000;-0.0360212268
11.3300000000;-0.0360212268
11.3400000000;-0.0181916246
11.3500000000;-0.0360212268
11.3600000000;-0.0360212268
11.3700000000;-0.0538508290
11.3800000000;-0.0538508290
11.3900000000;-0.0538508290
11.4000000000;-0.0538508290
11.4100000000;-0.0538508290
11.4200000000;-0.0538508290
11.4300000000;-0.0538508290
11.4400000000;-0.0538508290
11.4500000000;-0.0538508290
11.4600000000;-0.0538508290
11.4700000000;-0.0538508290
11.4800000000;-0.0538508290
11.4900000000;-0.0538508290
11.5000000000;-0.0538508290
11.5100000000;-0.0360212268
11.5200000000;-0.0538508290
11.5300000000;-0.0895100333
11.5400000000;-0.0716804311
11.5500000000;-0.0538508290
11.5600000000;-0.0538508290
11.5700000000;-0.0360212268
11.5800000000;-0.0360212268
11.5900000000;-0.0360212268
11.6000000000;-0.0003620224
11.6100000000;-0.0360212268
11.6200000000;-0.0360212268
11.6300000000;-0.0538508290
11.6400000000;-0.0538508290
11.6500000000;-0.0538508290
11.6600000000;-0.0360212268
11.6700000000;-0.0360212268
11.6800000000;-0.0181916246
11.6900000000;-0.0360212268
11.7000000000;-0.0181916246
11.7100000000;-0.0181916246
11.7200000000;-0.0360212268
11.7300000000;-0.0360212268
11.7400000000;-0.0360212268
11.7500000000;-0.0181916246
11.7600000000;-0.0181916246
11.7700000000;-0.0181916246
11.7800000000;0.0174675798
11.7900000000;0.0174675798
11.8000000000;-0.0003620224
11.8100000000;0.0174675798
11.8200000000;0.0174675798
11.8300000000;0.0352971820
11.8400000000;0.0352971820
11.8500000000;0.0531267842
11.8600000000;0.0352971820
11.8700000000;0.0352971820
11.8800000000;0.0531267842
11.8900000000;0.0531267842
11.9000000000;0.0709563864
11.9100000000;0.0709563864
11.9200000000;0.0709563864
11.9300000000;0.1066155908
11.9400000000;0.1422747952
11.9500000000;0.1422747952
11.9600000000;0.1244451930
11.9700000000;0.0887859886
11.9800000000;0.0887859886
11.9900000000;0.0887859886
12.0000000000;0.0887859886
12.0100000000;0.1066155908
12.0200000000;0.1244451930
12.0300000000;0.1066155908
12.0400000000;0.1066155908
12.0500000000;0.1244451930
12.0600000000;0.1244451930
12.0700000000;0.1244451930
12.0800000000;0.1422747952
12.0900000000;0.1422747952
12.1000000000;0.1422747952
12.1100000000;0.1244451930
12.1200000000;0.1422747952
12.1300000000;0.1422747952
12.1400000000;0.1422747952
12.1500000000;0.1422747952
12.1600000000;0.1422747952
12.1700000000;0.1601043974
12.1800000000;0.1601043974
12.1900000000;0.1601043974
12.2000000000;0.1422747952
12.2100000000;0.1422747952
12.2200000000;0.1601043974
12.2300000000;0.1601043974
12.2400000000;0.1422747952
12.2500000000;0.1422747952
12.2600000000;0.1601043974
12.2700000000;0.1601043974
12.2800000000;0.1601043974
12.2900000000;0.1601043974
12.3000000000;0.1601043974
12.3100000000;0.1422747952
12.3200000000;0.1422747952
12.3300000000;0.1422747952
12.3400000000;0.1601043974
12.3500000000;0.1601043974
12.3600000000;0.1601043974
12.3700000000;0.1601043974
12.3800000000;0.1601043974
12.3900000000;0.1601043974
12.4000000000;0.1779339995
12.4100000000;0.1601043974
12.4200000000;0.1601043974
12.4300000000;0.1601043974
12.4400000000;0.1601043974
12.4500000000;0.1601043974
12.4600000000;0.1601043974
12.4700000000;0.1601043974
12.4800000000;0.1601043974
12.4900000000;0.1601043974
12.5000000000;0.1601043974
12.5100000000;0.1601043974
12.5200000000;0.1601043974
12.5300000000;0.1601043974
12.5400000000;0.1601043974
12.5500000000;0.1601043974
12.5600000000;0.1601043974
12.5700000000;0.1601043974
12.5800000000;0.1779339995
12.5900000000;0.1601043974
12.6000000000;0.1601043974
12.6100000000;0.1601043974
12.6200000000;0.1601043974
12.6300000000;0.1601043974
12.6400000000;0.1601043974
12.6500000000;0.1601043974
12.6600000000;0.1601043974
12.6700000000;0.1779339995
12.6800000000;0.1601043974
12.6900000000;0.1601043974
12.7000000000;0.1601043974
12.7100000000;0.1779339995
12.7200000000;0.1601043974
12.7300000000;0.1601043974
12.7400000000;0.1601043974
12.7500000000;0.1601043974
12.7600000000;0.1601043974
12.7700000000;0.1601043974
12.7800000000;0.1601043974
12.7900000000;0.1779339995
12.8000000000;0.1601043974
12.8100000000;0.1601043974
12.8200000000;0.1779339995
12.8300000000;0.1601043974
12.8400000000;0.1601043974
12.8500000000;0.1601043974
12.8600000000;0.1601043974
12.8700000000;0.1601043974
12.8800000000;0.1779339995
12.8900000000;0.1601043974
12.9000000000;0.1601043974
12.9100000000;0.1601043974
12.9200000000;0.1601043974
12.9300000000;0.1779339995
12.9400000000;0.1601043974
12.9500000000;0.1601043974
12.9600000000;0.1601043974
12.9700000000;0.1601043974
12.9800000000;0.1601043974
12.9900000000;0.1779339995
13.0000000000;0.1601043974
13.0100000000;0.1601043974
13.0200000000;0.1601043974
13.0300000000;0.1601043974
13.0400000000;0.1601043974
13.0500000000;0.1601043974
13.0600000000;0.1601043974
13.0700000000;0.1601043974
13.0800000000;0.1601043974
13.0900000000;0.1601043974
13.1000000000;0.1601043974
13.1100000000;0.1779339995
13.1200000000;0.1601043974
13.1300000000;0.1601043974
13.1400000000;0.1601043974
13.1500000000;0.1601043974
13.1600000000;0.1601043974
13.1700000000;0.1779339995
13.1800000000;0.1779339995
13.1900000000;0.1779339995
13.2000000000;0.1601043974
13.2100000000;0.1601043974
13.2200000000;0.1779339995
13.2300000000;0.1601043974
13.2400000000;0.1601043974
13.2500000000;0.1601043974
13.2600000000;0.1779339995
13.2700000000;0.1601043974
13.2800000000;0.1601043974
13.2900000000;0.1601043974
13.3000000000;0.1601043974
13.3100000000;0.1601043974
13.3200000000;0.1601043974
13.3300000000;0.1601043974
13.3400000000;0.1779339995
13.3500000000;0.1601043974
13.3600000000;0.1601043974
13.3700000000;0.1601043974
13.3800000000;0.1601043974
13.3900000000;0.1779339995
13.4000000000;0.1601043974
13.4100000000;0.1601043974
13.4200000000;0.1601043974
13.4300000000;0.1779339995
13.4400000000;0.1601043974
13.4500000000;0.1601043974
13.4600000000;0.1601043974
13.4700000000;0.1601043974
13.4800000000;0.1601043974
13.4900000000;0.1779339995
13.5000000000;0.1601043974
13.5100000000;0.1601043974
13.5200000000;0.1601043974
13.5300000000;0.1601043974
13.5400000000;0.1601043974
13.5500000000;0.1601043974
13.5600000000;0.1779339995
13.5700000000;0.1601043974
13.5800000000;0.1601043974
13.5900000000;0.1601043974
13.6000000000;0.1601043974
13.6100000000;0.1601043974
13.6200000000;0.1601043974
13.6300000000;0.1601043974
13.6400000000;0.1601043974
13.6500000000;0.1601043974
13.6600000000;0.1601043974
13.6700000000;0.1601043974
13.6800000000;0.1779339995
13.6900000000;0.1601043974
13.7000000000;0.1601043974
13.7100000000;0.1601043974
13.7200000000;0.1601043974
13.7300000000;0.1601043974
13.7400000000;0.1601043974
13.7500000000;0.1601043974
13.7600000000;0.1601043974
13.7700000000;0.1601043974
13.7800000000;0.1601043974
13.7900000000;0.1601043974
13.8000000000;0.1601043974
13.8100000000;0.1601043974
13.8200000000;0.1601043974
13.8300000000;0.1601043974
13.8400000000;0.1601043974
13.8500000000;0.1601043974
13.8600000000;NaN